{"cameraMode":{"drawMode":0,"name":"Shaded","section":"Shading Mode"},"sceneLighting":true,"audioPlay":false,"sceneViewState":{"showFog":true,"showMaterialUpdate":true,"showSkybox":true,"showFlares":true,"showImageEffects":true,"showParticleSystems":true},"in2DMode":false,"pivot":{"x":5.230000019073486,"y":0.1349381059408188,"z":-0.03482523560523987},"rotation":{"x":-0.19466501474380494,"y":0.39838796854019167,"z":-0.08688181638717652,"w":-0.8921645879745483},"size":6.194080352783203,"orthographic":false}