{"cameraMode":{"drawMode":0,"name":"Shaded","section":"Shading Mode"},"sceneLighting":true,"audioPlay":false,"sceneViewState":{"showFog":true,"showMaterialUpdate":true,"showSkybox":true,"showFlares":true,"showImageEffects":true,"showParticleSystems":true},"in2DMode":false,"pivot":{"x":1.92999267578125,"y":1.160003662109375,"z":9.049999237060547},"rotation":{"x":0.19167345762252809,"y":-0.01766521856188774,"z":0.003450466552749276,"w":0.9812949299812317},"size":6.287354946136475,"orthographic":false}