{"cameraMode":{"drawMode":0,"name":"Shaded","section":"Shading Mode"},"sceneLighting":true,"audioPlay":false,"sceneViewState":{"showFog":true,"showMaterialUpdate":true,"showSkybox":true,"showFlares":true,"showImageEffects":true,"showParticleSystems":true},"in2DMode":false,"pivot":{"x":4.511715888977051,"y":-4.536214351654053,"z":1.8183574676513672},"rotation":{"x":-0.2777599096298218,"y":0.12204741686582566,"z":-0.035575784742832187,"w":-0.9522566795349121},"size":39.6330680847168,"orthographic":false}