{"cameraMode":{"drawMode":0,"name":"Shaded","section":"Shading Mode"},"sceneLighting":false,"audioPlay":false,"sceneViewState":{"showFog":true,"showMaterialUpdate":true,"showSkybox":false,"showFlares":true,"showImageEffects":true,"showParticleSystems":true},"in2DMode":false,"pivot":{"x":16.09000015258789,"y":0.6100000143051148,"z":-13.779999732971192},"rotation":{"x":-0.20826902985572816,"y":0.7488937973976135,"z":-0.27574029564857485,"w":-0.5655663013458252},"size":2.6732301712036135,"orthographic":false}