{"cameraMode":{"drawMode":0,"name":"Shaded","section":"Shading Mode"},"sceneLighting":true,"audioPlay":false,"sceneViewState":{"showFog":true,"showMaterialUpdate":true,"showSkybox":true,"showFlares":true,"showImageEffects":true,"showParticleSystems":true},"in2DMode":false,"pivot":{"x":278.2274169921875,"y":151.53025817871095,"z":93.05677795410156},"rotation":{"x":-0.2203947752714157,"y":0.029221870005130769,"z":-0.006618700455874205,"w":-0.9750060439109802},"size":195.7811279296875,"orthographic":false}