{"cameraMode":{"drawMode":0,"name":"Shaded","section":"Shading Mode"},"sceneLighting":true,"audioPlay":false,"sceneViewState":{"showFog":true,"showMaterialUpdate":true,"showSkybox":true,"showFlares":true,"showImageEffects":true,"showParticleSystems":true},"in2DMode":false,"pivot":{"x":17.765186309814454,"y":-8.440035820007325,"z":-3.4578170776367189},"rotation":{"x":0.28811272978782656,"y":-0.05941518396139145,"z":0.01787126436829567,"w":0.9556717872619629},"size":20.88568115234375,"orthographic":false}