{"cameraMode":{"drawMode":0,"name":"Shaded","section":"Shading Mode"},"sceneLighting":true,"audioPlay":false,"sceneViewState":{"showFog":true,"showMaterialUpdate":true,"showSkybox":true,"showFlares":true,"showImageEffects":true,"showParticleSystems":true},"in2DMode":false,"pivot":{"x":2.1164803504943849,"y":0.4830789566040039,"z":3.1848948001861574},"rotation":{"x":0.11757604032754898,"y":-0.8463844060897827,"z":0.47544336318969729,"w":0.2092956304550171},"size":6.658412933349609,"orthographic":false}