{"cameraMode":{"drawMode":0,"name":"Shaded","section":"Shading Mode"},"sceneLighting":true,"audioPlay":false,"sceneViewState":{"showFog":true,"showMaterialUpdate":true,"showSkybox":true,"showFlares":true,"showImageEffects":true,"showParticleSystems":true},"in2DMode":false,"pivot":{"x":1.4850010871887208,"y":-2.7689528465270998,"z":1.6052436828613282},"rotation":{"x":-0.3909708261489868,"y":-0.11958400905132294,"z":0.05137448385357857,"w":-0.9112357497215271},"size":66.63475799560547,"orthographic":false}