{"cameraMode":{"drawMode":0,"name":"Shaded","section":"Shading Mode"},"sceneLighting":false,"audioPlay":false,"sceneViewState":{"showFog":true,"showMaterialUpdate":true,"showSkybox":false,"showFlares":true,"showImageEffects":true,"showParticleSystems":true},"in2DMode":false,"pivot":{"x":5.230000019073486,"y":0.09593810141086579,"z":-0.03482523560523987},"rotation":{"x":-0.31587955355644228,"y":-0.3725588619709015,"z":0.1366027295589447,"w":-0.8619166612625122},"size":2.7221343517303469,"orthographic":false}