{"cameraMode":{"drawMode":0,"name":"Shaded","section":"Shading Mode"},"sceneLighting":false,"audioPlay":false,"sceneViewState":{"showFog":true,"showMaterialUpdate":true,"showSkybox":false,"showFlares":true,"showImageEffects":true,"showParticleSystems":true},"in2DMode":false,"pivot":{"x":4.789999961853027,"y":0.7599999904632568,"z":-1.2999999523162842},"rotation":{"x":0.4268248379230499,"y":-0.3285471796989441,"z":0.16990847885608674,"w":0.8252562880516052},"size":2.022446393966675,"orthographic":false}