{"cameraMode":{"drawMode":0,"name":"Shaded","section":"Shading Mode"},"sceneLighting":false,"audioPlay":false,"sceneViewState":{"showFog":true,"showMaterialUpdate":true,"showSkybox":false,"showFlares":true,"showImageEffects":true,"showParticleSystems":true},"in2DMode":false,"pivot":{"x":16.09000015258789,"y":0.6100000143051148,"z":-13.779999732971192},"rotation":{"x":-0.050134364515542987,"y":0.554940402507782,"z":-0.033463284373283389,"w":-0.829772412776947},"size":2.6732301712036135,"orthographic":false}