{"cameraMode":{"drawMode":0,"name":"Shaded","section":"Shading Mode"},"sceneLighting":false,"audioPlay":false,"sceneViewState":{"showFog":true,"showMaterialUpdate":true,"showSkybox":false,"showFlares":true,"showImageEffects":true,"showParticleSystems":true},"in2DMode":false,"pivot":{"x":5.230000019073486,"y":0.28999996185302737,"z":-3.990000009536743},"rotation":{"x":-0.2991664707660675,"y":-0.5176244974136353,"z":0.19952350854873658,"w":-0.7764643430709839},"size":10.774093627929688,"orthographic":false}