{"cameraMode":{"drawMode":0,"name":"Shaded","section":"Shading Mode"},"sceneLighting":true,"audioPlay":false,"sceneViewState":{"showFog":true,"showMaterialUpdate":true,"showSkybox":true,"showFlares":true,"showImageEffects":true,"showParticleSystems":true},"in2DMode":false,"pivot":{"x":6.2469635009765629,"y":17.87771224975586,"z":-6.289970397949219},"rotation":{"x":0.014676623977720738,"y":-0.046516116708517078,"z":-0.000650688714813441,"w":-0.9988614916801453},"size":53.59190368652344,"orthographic":false}